영웅,능력,설명,세부 능력치
아나,지속 능력 - 역할: 지원(Role: Support),생명력 재생을 더 빨리 시작합니다.,치유량: 초당 10 + 최대 생명력의 5%
아나,기본 무기 - 생체 소총(Biotic Rifle),아군은 치유하고 적에게는 피해를 주는 원거리 소총입니다. 누르고 있으면 저격 모드로 전환합니다.,"히트스캔(저격 모드) 탄환 수: 15발; 재장전 시간: 1.5초; 공격력: 발당 75; 치유량: 발당 75; 모드 한정) 저격 모드 중 이동 속도 감소: 65%(본인, 1.925m/s); 최대 거리: 100m; 치명타 판정: ✕"
아나,좌Shift - 수면총(Sleep Dart),적을 잠에 빠트리는 투사체를 발사합니다.,"재사용 대기시간: 14초; 공격력: 5; 지속 시간: 최대 3초 , 최대 5초; 최소 회복 시간(피격 시): 0.5초; 최대 거리: 200m; 치명타 판정: ✕"
아나,E - 생체 수류탄(Biotic Grenade),"생체 수류탄을 던져 아군은 치유하고 치유 효과를 증폭시키며, 적에게는 피해를 주고 치유를 차단합니다.",폭발형) 재사용 대기시간: 14초; 지속 시간: 3초; 공격력: 75; 치유량: 75; 받는 치유량 증가: 50%; 폭발 범위: 반경 4m; 치명타 판정: ✕
아나,Q - 나노 강화제(Nano Boost),아군 한 명의 공격력을 증가시키고 받는 피해를 감소시킵니다.,궁극기 충전량: 2300; 포인트 지속 시간: 8초; 치유량: 250; 공격력 증가: 50%; 받는 피해 감소: 50%; 최대 거리: 40m
바티스트,지속 능력 - 역할: 지원(Role: Support),생명력 재생을 더 빨리 시작합니다.,치유량: 초당 10 + 최대 생명력의 5%
바티스트,지속 능력 - 외골격 전투화(Exo Boots),웅크리기를 길게 누르면 더 높이 점프합니다.,충전 게이지 지속 시간: 1초
바티스트,기본 무기 - 생체탄 발사기(Biotic Launcher),3연발 총을 발사합니다. 폭발 범위 근처의 모든 아군을 치유하는 투사체를 발사합니다.,탄환 수: 36발; 재장전 시간: 1.5초 [혼합]; 공격력: 발당 25(25m)~7.5(40m) (총 75); 공격 속도: 0.1초당 1발; ) 발사 후 회복 시간: 0.38초; 탄환 소모: 회당 3발(3점사); 최대 거리: 100m; 치명타 판정: 있음(2배)
바티스트,좌Shift - 치유 파동(Regenerative Burst),"사용하면 자신과 근처의 아군을 즉시 치유하고, 추가로 일정 시간 동안 지속 치유합니다. 즉시 치유 효과는 대상의 생명력이 절반 이하일 때, 치유량이 두 배가 됩니다.",재사용 대기시간: 14초; 지속 시간: 4초; 치유량: 즉시 40(생명력 50% 이하인 대상은 80) + 초당 10; 범위: 반경 12m
바티스트,E - 불사 장치(Immortality Field),내부에 있는 아군이 죽지 않는 장치를 던집니다. 장치는 파괴될 수 있습니다.,적 관통 가능) 재사용 대기시간: 25초; 지속 시간: 5.5초; 범위: 반경 6.5m
바티스트,Q - 증폭 매트릭스(Amplification Matrix),매트릭스를 투사합니다. 매트릭스를 통과한 아군의 공격과 치유 기술의 위력이 2배가 됩니다.,궁극기 충전량: 2550; 포인트 설치 후 회복 시간: 0.24초; 지속 시간: 10초; 최대 거리: 35m 공격력/치유량; 최대 거리: 35m
브리기테,지속 능력 - 역할: 지원(Role: Support),생명력 재생을 더 빨리 시작합니다.,치유량: 초당 10 + 최대 생명력의 5%
브리기테,지속 능력 - 격려(Inspire),적에게 도리깨를 적중시키면 주위 아군을 치유합니다.,재사용 대기시간: 1초; 지속 시간: 4초; 치유량: 초당 15(총 60); 범위: 반경 20m
브리기테,기본 무기 - 로켓 도리깨(Rocket Flail),사거리가 긴 근접 무기입니다.,"공격 탄환 수: ∞; 공격력: 회당 45; 공격 속도: 0.6초당 1회 (초당 1.66회,; 최대 거리: 6m; 치명타 판정: ✕"
브리기테,좌Shift - 도리깨 투척(Whip Shot),전방으로 도리깨를 늘려 적을 밀쳐냅니다.,재사용 대기시간: 4초; 공격력: 70; 최대 거리: 20m; 넉백 최대 거리: 10m; 이동 속도 감소: 50%(본인); 치명타 판정: ✕
브리기테,우클릭 - 방벽 방패(Barrier Shield),를 누르고 있으면 전방에 에너지 방벽을 전개합니다.,"재사용 대기시간: 5초(파괴 시), 0초(회수; 시) 지속 시간: ∞; 내구도 회복 속도: 방벽을 회수하고 2초 후, 초당 85; 이동 속도 감소: 30%(본인, 3.85m/s)"
브리기테,좌클릭 - 방패 밀쳐내기(Shield Bash),방벽 방패를 들고 있을 때 사용할 수 있습니다. 전방으로 짧게 돌진하여 적을 밀쳐냅니다.,공격 재사용 대기시간: 5초; 공격력: 50; 이동 거리: 최대 12m; 이동 속도: 19.25m/s; 치명타 판정: ✕
브리기테,E - 수리 팩(Repair Pack),짧은 시간 동안 아군을 치유합니다.,관통 가능) 재사용 대기시간: 5.5초(3회; 지속 시간: 수리 팩 하나당 2초; 치유량: 즉시 25 + 초당 50 (수리 팩 하나당 총 125); 최대 거리: 25m
브리기테,Q - 집결(Rally),"궁극기 충전량 : 2700 포인트 시전 시간 : 0.7초 지속 시간 : 10초(시전 시간 포함) 방벽 방패 내구도 : 700 방패 밀쳐내기 기절 시간 : 0.75초 추가 방어력 획득량 : 100(본인) 추가 생명력 획득량 : 초당 30 (아군, 총 300) 추가 생명력 최대 보유량 : 100(아군) 추가 생명력 지속 시간 : 30초(아군) 이동 속도 증가 : 15%(본인, 6.325m/s) 범위 : 반경 8m",궁극기 충전량: 2700; 지속 시간: 10초(시전
일라리,지속 능력 - 역할: 지원(Role: Support),생명력 재생을 더 빨리 시작합니다.,치유량: 초당 10 + 최대 생명력의 5%
일라리,기본 무기 - 태양 소총(Solar Rifle),장거리 자동 충전 소총입니다. 태양 에너지를 소모하는 중거리 치유 광선입니다.,"탄환 수: 14발; 재장전 시간: 1.8초; 공격력: 발당 20(최소 충전)~70(최대 충전, 70(30m)~21(50m)); 발사 후 회복 시간: 0.5초; 최대 거리: 400m; 치명타 판정: 있음(1.5배, 최대 105)"
일라리,좌Shift - 분출(Outburst),이동 중인 방향으로 날아오르며 적을 뒤로 밀쳐냅니다. 점프를 길게 누르면 더 높이 날아오릅니다.,재사용 대기시간: 7초; 범위: 반경 8.5m; 공격력: 25; 이동 속도: 최대 18.4m/s; 치명타 판정: 없음
일라리,"E, 상호작용 - 치유의 태양석(Healing Pylon)",아군을 치유하는 태양석을 설치합니다.,"투사체(치유) 재사용 대기시간: 7초(설치 시), 14초(적이 파괴 시,; 특정 상태 에서 철거 시) 지속 시간: ∞; 치유량: 회당 40(팀원), 회당 20(자신); 범위: 반경 15m"
일라리,Q - 태양 작렬(Captive Sun),"태양 에너지로 이루어진 폭발성 구체를 발사합니다. 적중당한 적은 느려지고, 큰 피해를 받으면 폭발합니다.","적 관통 가능) 궁극기 충전량: 2975; 지속 시간: 4초(비행) , 6초(열상); 공격력: 5(에너지 구체 직격), 50(에너지 구체 폭발), 160~120(열상; 폭발) 이동 속도 감소: 열상이 있는 동안 40%~0%; (적) 열상 폭발에 필요한 피해량: 90; 최대 거리: 100m; 폭발 범위: 반경 10m(에너지 구체), 6m(열상; 폭발) 치명타 판정: 없음; 폭발) 이동 속도 감소: 열상이 있는 동안 40%~0% (적)"
키리코,지속 능력 - 벽 오르기(Wall Climb),벽을 향해 뛰어오르면 벽을 타고 오릅니다.,이동 속도 증가: 50%(8.25m/s); 지속 시간: 최대 1초
키리코,지속 능력 - 역할: 지원(Role: Support),생명력 재생을 더 빨리 시작합니다.,치유량: 초당 10 + 최대 생명력의 5%
키리코,기본 무기(기본 발사) - 치유의 부적(Healing Ofuda),정신을 집중하여 치유의 힘이 깃든 부적을 날립니다. 부적은 대상 아군을 추적할 수 있습니다.,관통 가능) 탄환 수: 10발; 재장전 시간: 0.9초; 치유량: 발당 13 (총 130); 탄환 소모: 회당 2발; 공격 속도: 0.2초당 1회; 않을 시) 유도 거리: 최대 35m; 최대 거리: 50m
키리코,기본 무기(보조 발사) - 쿠나이(Kunai),원거리에 투사체를 던집니다.,"탄환 수: 15발; 재장전 시간: 1초; 공격력: 발당 60; 공격 속도: 0.5초당 1발(초당 2발,; 최대 거리: 200m; 치명타 판정: 있음(2배)"
키리코,좌Shift - 순보(Swift Step),아군에게 즉시 순간이동합니다.,재사용 대기시간: 7초; 최대 거리: 35m; 순간이동 후 아군과의 거리: 3.5m
키리코,E - 정화의 방울(Protection Suzu),"수호의 힘이 깃든 방울을 던져 아군을 일시적으로 모든 피해에 면역이 되게 만들고, 대부분의 해로운 효과들을 정화합니다. ",
키리코,Q - 여우길(Kitsune Rush),"전방으로 질주하며 길을 남기는 여우의 혼을 소환합니다. 아군은 길 위에 있는 동안 이동 속도와 공격 속도가 증가하고, 재사용 대기시간이 더 빨리 감소합니다.","궁극기 충전량: 2525; 포인트 지속 시간: 10.5초; 최대 거리: 25m; 공격 속도 증가: 50%; 이동 속도 증가: 30%(본인과 아군, 7.15m/s; ) 재장전 속도 증가: 50%; 기술 재사용 대기시간 가속: 2배"
라이프위버,지속 능력 - 역할: 지원(Role: Support),생명력 재생을 더 빨리 시작합니다.,치유량: 초당 10 + 최대 생명력의 5%
라이프위버,기본 무기 - 치유의 꽃(Healing Blossom),누르고 있으면 치유 에너지를 모읍니다. 떼면 대상 아군을 치유합니다. 사용하지 않으면 느린 속도로 자동 충전됩니다.,관통 가능) 탄환 수: 16발; 재장전 시간: 1.5초; 치유량: 발당 10(최소 충전) ~ 80(최대; 발사 후 회복 시간: 0.3초; 최대 거리: 30m
라이프위버,기본 무기 - 가시 연사(Thorn Volley),빠른 속도로 투사체를 발사합니다.,"탄환 수: 100발; 재장전 시간: 1.5초; 탄환 소모: 회당 2발; 공격력: 산탄 하나당 6 (2발 산탄, 발당 최대 12); 공격 속도: 초당 11회; 최대 거리: 150m; 치명타 판정: 있음 (2배)"
라이프위버,Space - 산들 걸음(Rejuvenating Dash),이동하는 방향으로 짧게 질주하고 자신의 생명력을 소량 회복합니다.,재사용 대기시간: 5초; 치유량: 45; 이동 거리: 최대 6.15m; 이동 속도: 최대 약 20m/s
라이프위버,좌Shift - 연꽃 단상(Petal Platform),밟으면 위로 오르는 단상을 던져서 생성합니다. 사용하지 않으면 초기화됩니다.,"적 관통 가능) 재사용 대기시간: 12초; 지속 시간: ∞(단상 작동 전, 단상이 땅 위에 있을 경우) , 최대 12초(단상 작동 중), 2초(단상; 범위: 반경 0.75m(작동) , 2.2m(작동 전), 2.63m(작동 후)"
라이프위버,E - 구원의 손길(Life Grip),자신의 위치로 아군을 끌어당깁니다. 끌어오는 동안 대상 아군을 보호합니다.,재사용 대기시간: 18초; 최대 거리: 30m; 치유량: 75
라이프위버,Q - 생명의 나무(Tree of Life),"대상 위치에 나무를 놓습니다. 나무는 자란 순간에 아군을 치유하며, 이후 생존한 동안에도 아군을 주기적으로 치유합니다.","궁극기 충전량: 2200; 설치 중 이동 속도 감소: 50%(본인, 2.75m/s); 지속 시간: 최대 15초; 치유량: 시전 즉시 150, 회당 90, 8회 (총 870); 추가 생명력 지속 시간: 6초; 시간이 끝난 후) 최대 거리: 30m; 범위: 반경 12m"
라이프위버,지속 능력 - 작별 선물(Parting Gift),죽을 때 선물을 남깁니다. 선물은 처음 획득한 아군 또는 적의 생명력을 치유합니다.,"치유량: 아군 획득 시 250, 적군 획득 시 75; 지속 시간: 최대 12초; 범위: 반경 4m"
루시우,지속 능력 - 역할: 지원(Role: Support),생명력 재생을 더 빨리 시작합니다.,치유량: 초당 10 + 최대 생명력의 5%
루시우,지속 능력 - 벽 타기(Wall Ride),벽으로 뛰어오르면 벽을 타고 이동합니다.,이동 속도 증가: 30%(본인)
루시우,기본 무기 - 음파 증폭기(Sonic Amplifier),음파 투사체를 발사합니다.,탄환 수: 20발; 재장전 시간: 1.5초; 공격력: 발당 22 (총 88); 공격 속도: 0.13초당 1발; ) 발사 후 회복 시간: 0.54초; 탄환 소모: 회당 4발(4점사); 최대 거리: 100m; 치명타 판정: 있음(2배)
루시우,우클릭 - 소리 파동(Soundwave),근거리에 음파를 방출하여 적을 밀쳐냅니다.,재사용 대기시간: 4초; 공격력: 45; 최대 거리: 8m; 치명타 판정: 없음
루시우,좌Shift - 분위기 전환!(Crossfade),두 음악 중 하나를 틉니다. 치유 증폭은 주위 아군을 치유하고 속도 증폭은 주위 아군의 이동 속도를 증가시킵니다.,"치유량: 초당 20; 자가 치유량: 초당 14.25; 이동 속도 증가: 25%(본인과 아군, 6.875m/s; ) 범위: 반경 12m"
루시우,E - 볼륨을 높여라!(Amp It Up),틀고 있는 음악의 효과를 증가시킵니다.,"재사용 대기시간: 12초; 지속 시간: 3초; 치유량: 초당 52; 자가 치유량: 초당 52; 이동 속도 증가: 60%(본인과 아군, 8.8m/s )"
루시우,Q - 소리 방벽(Sound Barrier),주위 아군에게 일시적으로 추가 생명력을 제공합니다.,궁극기 충전량: 2888; 지속 시간: 최대 6초; 범위: 반경 30m
메르시,지속 능력 - 역할: 지원(Role: Support),생명력 재생을 더 빨리 시작합니다.,치유량: 초당 10 + 최대 생명력의 5%
메르시,지속 능력 - 연민의 치유(Sympathetic Recovery),카두세우스 지팡이로 아군을 치유하면 자신 또한 치유합니다.,회복량: 카두세우스 지팡이 치유량의 40%
메르시,기본 무기 - 카두세우스 지팡이(Caduceus Staff),누르고 있으면 아군을 치유합니다. 누르고 있으면 아군의 공격력을 증가시킵니다.,최대 거리: 15m; 지속 시간: 대상이 범위에서 벗어난 이후 1초까지
메르시,기본 무기 - 카두세우스 블라스터(Caduceus Blaster),자동 권총입니다.,"탄환 수: 25발; 재장전 시간: 1.4초; 공격력: 발당 20; 공격 속도: 0.2초당 1발(초당 5발,; 최대 거리: 100m; 치명타 판정: 있음(2배)"
메르시,"Space, 좌Ctrl - 천사 강림(Angelic Descent)",매우 천천히 낙하합니다.,
메르시,좌Shift - 수호천사(Guardian Angel),"아군을 향해 날아갑니다. 날아가는 중에 점프 키를 누르면 전방으로, 웅크리키 키를 누르면 위로 빠르게 이동합니다.",재사용 대기시간: 1.5초; 이동 속도: 17m/s; 최대 거리: 30m
메르시,E - 부활 (Resurrect),쓰러진 아군을 부활시킵니다.,"재사용 대기시간: 30초; 시전 중 이동 속도 감소: 75%(본인, 1.375m/s); 범위: 반경 5m"
메르시,Q - 발키리(Valkyrie),비행할 수 있게 되고 기술들이 강화됩니다.,궁극기 충전량: 2000; 지속 시간: 15초; 치유량: 초당 60; 연쇄 범위: 반경 10m; 최대 거리: 30m [카두세우스 블라스터]; 탄환 수: ∞; 이동 속도: 25m/s; 최대 거리: 60m; 최대 거리: 30m
메르시,지속 능력 - 재생(Regeneration),역할: 지원 영웅 지속 능력이 대폭 증가합니다.,치유량 증가: 50%
모이라,지속 능력 - 역할: 지원(Role: Support),생명력 재생을 더 빨리 시작합니다.,치유량: 초당 10 + 최대 생명력의 5%
모이라,기본 무기 - 생체 손아귀(Biotic Grasp),"전방의 모든 아군을 치유합니다. 생체 에너지를 소모합니다. 원거리에 광선을 발사합니다. 피해를 주면 자신을 치유하며, 생체 에너지를 채웁니다.","투사체 치유량: 초당 80 , 치유 중단 후 3초간 52.5 (초당 17.5); 최대 거리: 15m"
모이라,좌Shift - 소멸(Fade),"사라지며 피해를 받지 않고 신속히 이동할 수 있지만, 무기를 발사할 수 없습니다.","재사용 대기시간: 6초; 지속 시간: 0.8초; 이동 속도 증가: 250%(본인, 13.75m/s)"
모이라,E - 생체 구슬(Biotic Orb),튕기며 주위 아군을 치유하거나 적에게 피해를 주는 구체를 발사합니다.,적 관통 가능) 재사용 대기시간: 8초; 지속 시간: 최대 7초 또는 구슬이 제공할 수 있는 치유량/공격량이; 고갈될 때까지 지속됨 치유량: 초당 65
모이라,Q - 융화(Coalescence),아군은 치유하고 적에게는 피해를 주는 광선을 발사합니다.,"가능) 궁극기 충전량: 2900; 지속 시간: 8초; 치유량: 초당 140; 공격력: 초당 85; 자가 치유량: 초당 55; 이동 속도 증가: 40%(본인, 7.7m/s); 최대 거리: 30m; 치명타 판정: 없음"
모이라,E - 괴저 구슬(Necrotic Orb),"적의 공격력을 감소시키는 폭발성 구체를 발사합니다. [영어원문] 공격 유형 : 투사체(폭발형) 재사용 대기시간 : 16초 지속 시간 : 4초 공격력 감소 : 75% 공격력 : 50(직격) , 10(폭발) 투사체 속도 : 20m/s 폭발 범위 : 반경 3m 치명타 판정 : 없음",
젠야타,지속 능력 - 역할: 지원(Role: Support),생명력 재생을 더 빨리 시작합니다.,치유량: 초당 10 + 최대 생명력의 5%
젠야타,지속 능력 - 밀어차기(Snap Kick),"빠른 근접 공격의 공격력이 50% 증가하고, 뒤로 밀쳐내는 효과가 대폭 증가합니다.",공격 공격력: 60; 넉백 거리: 7m(평지; 치명타 판정: 없음
젠야타,기본 무기 - 파괴의 구슬(Orb of Destruction),에너지 투사체를 던집니다. 누르고 있다가 떼면 더 많은 투사체를 던집니다.,"탄환 수: 25발; 재장전 시간: 1.5초; 공격력: 발당 50; 공격 속도: 0.4초당 1발(초당 2.5발,; 최대 거리: 180m; 치명타 판정: 있음(2배); 공격 속도: 초당 9발; ) 탄환 소모: 회당 1~5발; 발사 후 회복 시간: 0.6초"
젠야타,좌Shift - 조화의 구슬(Orb of Harmony),아군에게 구슬을 부착해 치유합니다.,재사용 대기시간: 없음; 지속 시간: 대상이 시야 범위에서 벗어난 이후 5초까지; 치유량: 초당 35; 최대 거리: 40m
젠야타,E - 부조화의 구슬(Orb of Discord),적에게 구슬을 부착해 받는 피해를 증가시킵니다.,재사용 대기시간: 없음; 지속 시간: 대상이 시야에서 벗어난 이후 1.5초까지; 받는 피해 증가: 25%; 최대 거리: 40m
젠야타,Q - 초월(Transcendence),"모든 피해에 면역이 되고, 더 빠르게 이동하며 주위 아군을 치유합니다.","궁극기 충전량: 2300; 포인트 지속 시간: 6초; 치유량: 초당 400(총 2400); 이동 속도 증가: 100%(본인, 11m/s); 범위: 반경 10m"
벤처,지속 능력 - 역할: 공격(Role: Damage),적에게 피해를 주면 일시적으로 대상이 받는 치유량을 감소시킵니다. 돌격 영웅을 상대로는 효과가 반으로 줄어듭니다.,"지속 시간: 3초; 받는 치유량 감소: 30%(공격/지원군), 15%(돌격군)"
벤처,지속 능력 - 굳센 탐험가(Explorer's Resolve),기술을 사용하면 일시적으로 보호막을 얻습니다.,
벤처,지속 능력 - 갈아 버리기(Clobber),"빠른 근접 공격이 더 큰 피해를 줍니다. 공격 유형 : 근접 공격 재사용 대기시간 : 0.4초 공격력 : 30(직격) + 40(지속) = 최대 70 지속 시간 : 0.7초 치명타 판정 : ✕ 근접 공격 특화 패시브. 보통 무기 끝이나 주먹 등으로 가격하여 근접 공격 한 번에 40의 피해만 입히는 다른 영웅들과 달리, 스마트 굴착기의 드릴 날로 여러 번 공격한다. 1회에 6번에 걸치는 연속 피해를 빠르게 입히는 방식으로, 최대 70의 피해를 입히며 여러 번의 피해를 나눠서 주는 만큼 통상적인 근접 공격과 달리 사용 종료 후 0.4초를 더 기다린 후에야 사용할 수 있다. 후딜레이가 약간 길긴 해도 최대 피해가 70으로 상당히 높은 편이라 스마트 굴착기의 기본 사격과도 견줄 만큼 돋보이는 화력을 가졌다. 평타-평타-드릴 돌진-근접 공격 콤보로 순식간에 310이라는 막강한 순간 폭딜을 넣는 게 가능하기에, 근접전을 할 때 확정 처치용 막타로 근접 공격을 치는 것도 좋다. 기동성이 훌륭한 벤처는 맘만 먹으면 근접공격 각을 직접 만들어낼 수가 있고, 단순 위력 보조 패시브라 갈아 버리기 자체는 무력화할 방법이 없는 점 역시도 전투적 활용과 심리 싸움에 도움을 준다. 후딜레이에 대한 보상인지 벤처는 근접 공격 후 스킬을 섞는 것에 제약 조건이 없다. 겐지의 경우를 예시로 들면, 근접 공격의 모션이 완전히 끝난 뒤에야 질풍참을 사용할 수 있지만, 벤처는 근접 공격 모션이 완전히 끝나지 않아도 드릴 돌진을 사용 가능해 매끄러운 콤보딜을 넣을 수 있다. 다만 근접 공격은 다단 히트라 캔슬해버리면 그만큼 대미지가 줄어드니 상대 체력을 보고 판단을 잘 해야 된다.","공격 재사용 대기시간: 0.4초; 공격력: 30(직격) + 40(지속) = 최대 70; 지속 시간: 0.7초; 치명타 판정: ✕ 근접 공격 특화 패시브. 보통 무기 끝이나 주먹 등으로 가격하여 근접 공격 한 번에 40의 피해만 입히는 다른 영웅들과 달리, 스마트 굴착기의 드릴 날로 여러 번 공격한다. 1회에 6번에 걸치는 연속 피해를 빠르게 입히는 방식으로, 최대 70의 피해를 입히며 여러 번의 피해를 나눠서 주는 만큼 통상적인 근접 공격과 달리 사용 종료 후 0.4초를 더 기다린 후에야 사용할 수 있다. 후딜레이가 약간 길긴 해도 최대 피해가 70으로 상당히 높은 편이라 스마트 굴착기의 기본 사격과도 견줄 만큼 돋보이는 화력을 가졌다. 평타-평타-드릴 돌진-근접 공격 콤보로 순식간에 310이라는 막강한 순간 폭딜을 넣는 게 가능하기에, 근접전을 할 때 확정 처치용 막타로 근접 공격을 치는 것도 좋다. 기동성이 훌륭한 벤처는 맘만 먹으면 근접공격 각을 직접 만들어낼 수가 있고, 단순 위력 보조 패시브라 갈아 버리기 자체는 무력화할 방법이 없는 점 역시도 전투적 활용과 심리 싸움에 도움을 준다. 후딜레이에 대한 보상인지 벤처는 근접 공격 후 스킬을 섞는 것에 제약 조건이 없다. 겐지의 경우를 예시로 들면, 근접 공격의 모션이 완전히 끝난 뒤에야 질풍참을 사용할 수 있지만, 벤처는 근접 공격 모션이 완전히 끝나지 않아도 드릴 돌진을 사용 가능해 매끄러운 콤보딜을 넣을 수 있다. 다만 근접 공격은 다단 히트라 캔슬해버리면 그만큼 대미지가 줄어드니 상대 체력을 보고 판단을 잘 해야 된다.; 치명타 판정: ✕"
벤처,기본 무기 - 스마트 굴착기(Smart Excavator),지진 충전물을 발사합니다. 충전물은 짧은 거리를 날아간 뒤 폭발합니다.,"자가 피해 없음) 탄환 수: 8발; 재장전 시간: 1.5초; 공격력: 발당 35(직격), 12~40(폭발) (최대 75); 공격 속도: 발당 0.6초(초당 약 1.67회,; 최대 거리: 16m; 폭발 범위: 반경 3m; 치명타 판정: ✕"
벤처,좌Shift - 잠복(Burrow),땅 아래로 숨어 피해에 면역이 됩니다. 키를 누르거나 길게 누르면 땅 위로 솟구쳐 적에게 피해를 줍니다.,"재사용 대기시간: 8초; 지속 시간: 4초 + 0.2초; 공격력: 110~75(최대 충전), 55~37.5(최소; 이동 속도 감소: 25%(4.125m/s,; 시전 중) 이동 속도 증가: 40%(7.7m/s,; 잠복 중) 범위: 2.5m~7.5m(최대 충전), 1.4m~4m(최소; 충전) 치명타 판정: ✕; 공격력: 110~75(최대 충전), 55~37.5(최소 충전)"
벤처,Q - 지각 충격(Tectonic Shock),피해를 주는 충격파를 발사합니다.,"궁극기 충전량: 2125; 지속 시간: 7초; 공격력: 발당 130; 공격 속도: 발당 0.9초(초당 1.11발,; 탄환 수: 4발; 최대 범위: 25m(12°형; 치명타 판정: ✕"
마우가,지속 능력 - 역할: 돌격(Role: Tank),받는 밀쳐내기 효과가 줄어듭니다. 자신을 대상으로 한 공격과 치유가 궁극기를 보다 적게 충전시킵니다. 역할 고정 게임 모드에서는 기본 생명력이 증가합니다.,궁극기 충전량 감소: 40%; 치명타 피해 감소: 25%
마우가,지속 능력 - 광전사(Berserker),치명타 피해를 주면 일시적으로 생명력이 증가합니다.,
마우가,기본 무기 - 화염 및 촉발 기관포(Incendiary and Volatile Chaingun),연속으로 적중 시 대상을 불태우는 전자동 무기입니다.,"탄환 수: 300발; 재장전 시간: 2.4초; 최대 거리: 150m; 발사 중 이동 속도 감소: 하나당 15%(본인, 4.675m/s) 동시 발사 시 30%(본인, 3.85m/s)"
마우가,좌Shift - 돌파(Overrun),전방으로 돌진한 뒤 발을 굴러 적을 공중으로 띄웁니다. 돌진 중에는 저지 불가 상태가 됩니다.,"재사용 대기시간: 5초; 지속 시간: 최대 2초; 공격력: 발구르기 최대 75, 돌진 30(충돌; 돌진 중 받는 피해 감소: 50%; 이동 속도 증가: 172.5%(본인, 15.82m/s); 발구르기 범위: 반경 7m (중심부 반경 2.5m); 치명타 판정: ✓ (중심부, 2배); 공격력: 발구르기 최대 75, 돌진 30(충돌 시)"
마우가,E - 터질 듯한 심장(Cardiac Overdrive),자신이 받는 피해를 감소시키고 피해를 주면 생명력이 회복되게 합니다.,"재사용 대기시간: 15초; 지속 시간: 3초; 받는 피해 감소: 40%(본인); 치유량: 준 피해량의 100%(본인), 50%(아군); 범위: 반경 10m"
마우가,Q - 케이지 혈투(Cage Fight),자신과 적을 가두는 방벽을 배치합니다.,"궁극기 충전량: 2862; 지속 시간: 최대 8초; 범위: 반경 6.5m, 높이 10m"
애쉬,지속 능력 - 역할: 공격(Role: Damage),적에게 피해를 주면 일시적으로 대상이 받는 치유량을 감소시킵니다. 돌격 영웅을 상대로는 효과가 반으로 줄어듭니다.,"지속 시간: 3초; 받는 치유량 감소: 30%(공격/지원군), 15%(돌격군)"
애쉬,기본 무기 - 바이퍼(The Viper),"반자동 소총입니다. 누르고 있으면 조준하며, 공격력과 정확도가 증가하지만 발사 속도가 감소합니다.","탄환 수: 12발; 재장전 시간: 0.5초(초기 장전 애니메이션) + 발당 0.25초, 총 3.5초; 공격력: 발당 35(20m)~10.5(40m); 공격 속도: 0.267초당 1발(초당 3.75발,; 최대 거리: 400m; 치명타 판정: 있음(2배); 공격력: 발당 75(30m)~22.5(50m); 공격 속도: 0.65초당 1발(초당 1.54발,; 정조준 중 이동 속도 감소: 25%(본인, 4.125m/s); 해제 시) 최대 거리: 400m"
애쉬,좌Shift - 충격 샷건(Coach Gun),전방의 적들을 날려버리고 자신을 뒤로 밀쳐냅니다.,"재사용 대기시간: 10초; 공격력: 산탄 하나당 6 (15발 산탄, 최대 90); 최대 거리: 15m; 넉백 최대 거리: 적군 15m, 자신 9.4m; 치명타 판정: 없음"
애쉬,E - 다이너마이트(Dynamite),"폭발물을 던집니다. 폭발물은 잠시 후에 폭발하지만, 쏴서 바로 터뜨릴 수도 있습니다.","도탄 가능 ) 재사용 대기시간: 12초; (바이퍼나 충격 샷건으로 명중 시 즉발) 공격력: 20~50(폭발), 초당 20(화상, 총 100); 자가 피해: 10~25(폭발), 초당 10(화상, 총 50); 화상 지속 시간: 5초; 폭발 범위: 반경 5m; 치명타 판정: 없음"
애쉬,Q - B.O.B.,밥을 호출합니다. 밥은 전방으로 돌진하여 적들을 공중으로 띄우고 팔에 달린 총으로 공격을 합니다.,궁극기 충전량: 2450
바스티온,지속 능력 - 철갑(Ironclad),변신 중에는 받는 피해가 감소합니다. 받는 피해 감소 : 20%,받는 피해 감소: 20%
바스티온,지속 능력 - 역할: 공격(Role: Damage),적에게 피해를 주면 일시적으로 대상이 받는 치유량을 감소시킵니다. 돌격 영웅을 상대로는 효과가 반으로 줄어듭니다.,"지속 시간: 3초; 받는 치유량 감소: 30%(공격/지원군), 15%(돌격군)"
바스티온,기본 무기 - 설정: 수색(Configuration: Recon),이동하며 명중률이 높은 기관단총을 발사합니다.,탄환 수: 25발; 재장전 시간: 1.2초; 공격력: 발당 25(30m)~7.5(50m); 공격 속도: 초당 5발; 최대 거리: 100m; 치명타 판정: 있음(2배)
바스티온,기본 무기 - 설정: 강습(Configuration: Assault),느리게 이동하며 강력한 기관포를 발사합니다.,"탄환 수: ∞; 지속 시간: 최대 6초; 공격력: 발당 12(30m)~3.6(50m); 이동 속도 감소: 35%(본인, 3.575m/s); 공격 속도: 초당 30발; ) 최대 거리: 100m; 치명타 판정: 없음"
바스티온,우클릭 - A-36 전술 수류탄(A-36 Tactical Granade),벽에 튕기는 폭탄을 발사합니다. 폭탄은 적이나 지면에 닿으면 폭발합니다.,"도탄 가능 ) 재사용 대기시간: 8초; 공격력: 15(부착), 50~100(폭발) (총 115); 자가 피해: 25~50(폭발); 폭발 범위: 반경 4m; 치명타 판정: 없음"
바스티온,좌Shift - 재설정(Reconfigure),무기 설정을 전환합니다.,
바스티온,Q - 설정: 포격(Configuration: Artillery),고정된 상태에서 최대 3발의 강력한 포탄을 발사합니다.,"자가 피해 없음) 궁극기 충전량: 2325; 포인트 지속 시간: 최대 8초; 공격력: 발당 550(직격) , ~200(2.5m), ~125(5m), ~55(6.5m); 폭발 범위: 반경 6.5m; 시점 이동 속도: 25m/s; 치명타 판정: 없음"
캐서디,지속 능력 - 역할: 공격(Role: Damage),적에게 피해를 주면 일시적으로 대상이 받는 치유량을 감소시킵니다. 돌격 영웅을 상대로는 효과가 반으로 줄어듭니다.,"지속 시간: 3초; 받는 치유량 감소: 30%(공격/지원군), 15%(돌격군)"
캐서디,기본 무기 - 피스키퍼(Peacekeeper),강력하고 정확도 높은 리볼버입니다. 남은 총알을 빠르게 난사합니다.,"탄환 수: 6발; 재장전 시간: 1.5초; 공격력: 발당 70(25m)~21(35m); 공격 속도: 0.5초당 1발(초당 2발,; 최대 거리: 400m; 치명타 판정: 있음(2배); 공격력: 발당 50(20m)~15(30m); 공격 속도: 0.12초당 1발(초당 8.33발,; ) 최대 거리: 100m; 치명타 판정: 없음"
캐서디,좌Shift - 구르기(Combat Roll),이동 중인 방향으로 구르며 받는 피해가 감소하고 재장전합니다.,재사용 대기시간: 6초; 지속 시간: 0.4초; 받는 피해 감소: 50%; 이동 거리: 최대 6m; 이동 속도: 15m/s
캐서디,E - 섬광탄(Flashbang),적중한 적과 경로에 있는 적들을 방해하고 둔화시키는 섬광탄을 던집니다. 공격 유형 : 투사체 재사용 대기시간 : 12초 효과 지속시간 : 0.9초 사거리 : 최대 7.5m 공격력 : 75 자가 피해 : 없음 투사체 속도 : 20m/s 이동 속도 감소 : 50%(적) 폭발 범위 : 반경 3.5m 치명타 판정 : 없음,재사용 대기시간: 12초; 사거리: 최대 7.5m; 공격력: 75; 자가 피해: 없음; 이동 속도 감소: 50%(적); 폭발 범위: 반경 3.5m; 치명타 판정: 없음
캐서디,Q - 황야의 무법자(Deadeye),"적들과 정면승부합니다. (조준: Q, 발사: 또는 Q, 취소: )","궁극기 충전량: 1800; 지속 시간: 최대 7초; 공격력: 조준 시간 처음 2초 동안 초당 150씩 증가, 이후 초당 300씩; 증가 공격 속도: 초당 6발; 이동 속도 감소: 조준 시간 동안 70%~35%(본인); 받는 피해 감소: 조준 시간 동안 40%~0%; 최대 거리: 200m; 치명타 판정: 없음; 공격력: 조준 시간 처음 2초 동안 초당 150씩 증가, 이후 초당 300씩 증가"
캐서디,E - (구)섬광탄(Flashbang),적의 눈을 멀게 하는 섬광탄을 던집니다. 섬광탄은 폭발하며 좁은 반경 안의 있는 적들을 기절시켜 제대로 움직일 수 없게 합니다.,자가 피해 없음) 재사용 대기시간: 10초; 공격력: 25; 사용 후 회복 시간: 0.35초; 최대 거리: 7m; 범위: 반경 3m; 치명타 판정: 없음
캐서디,E - 자력 수류탄(Magnetic Grenade),주위 적을 추적하며 부착되는 수류탄을 던집니다. 수류탄이 부착된 적은 느려지며 이동 기술을 사용할 수 없습니다.,"부착형) 재사용 대기시간: 12초; 공격력: 10(부착), 17.5~70(폭발) (총 80); 자가 피해: 8.75~35(폭발); 유도 활성화 거리: 1.3m; 부착 중 이동 속도 감소: 25%(적); 폭발 범위: 반경 3m; 치명타 판정: 없음"
에코,지속 능력 - Space - 활공(Glide),점프 키를 계속 누르면 낙하 중에 활공합니다.,"이동 속도 증가: 50%(본인, 8.25m/s)"
에코,지속 능력 - 역할: 공격(Role: Damage),적에게 피해를 주면 일시적으로 대상이 받는 치유량을 감소시킵니다. 돌격 영웅을 상대로는 효과가 반으로 줄어듭니다.,"지속 시간: 3초; 받는 치유량 감소: 30%(공격/지원군), 15%(돌격군)"
에코,기본 무기 - 삼각탄(Tri-Shot),삼각형 모양으로 동시에 세 발을 발사하는 투사체입니다.,"탄환 수: 12발; 재장전 시간: 1.5초; 공격력: 산탄 하나당 17 (3발 산탄, 발당 최대 51); 공격 속도: 초당 3발; 최대 거리: 100m; 치명타 판정: 있음(2배)"
에코,좌Shift - 비행(Flight),"전방으로 빠르게 비행한 후, 잠시 동안 자유롭게 날 수 있습니다.",재사용 대기시간: 6초; 지속 시간: 최소 0.2초~최대 3초
에코,E - 광선 집중(Focusing Beam),정신을 집중하여 잠시 동안 광선을 발사합니다. ,
에코,Q - 복제(Duplicate),대상 적 영웅을 복제합니다. 대상은 지속 시간 동안 영웅을 교체할 수 없습니다.,궁극기 충전량: 1850; 지속 시간: 15초; 최대 거리: 40m
겐지,지속 능력 - 사이보그의 날렵함(Cyber - Agility),벽을 오르고 2번 뛰어오를 수 있습니다.,"이동 속도 증가: 30%(본인, 7.8m/s); 벽 오르기 지속 시간: 최대 1초"
겐지,지속 능력 - 역할: 공격(Role: Damage),적에게 피해를 주면 일시적으로 대상이 받는 치유량을 감소시킵니다. 돌격 영웅을 상대로는 효과가 반으로 줄어듭니다.,"지속 시간: 3초; 받는 치유량 감소: 30%(공격/지원군), 15%(돌격군)"
겐지,기본 무기 - 수리검(Shuriken),투사체 3개를 연달아 던집니다. 투사체 3개를 부채꼴로 던집니다.,탄환 수: 24발; 재장전 시간: 1.5초; 공격력: 수리검 하나당 27 (총 81); 공격 속도: 0.1초당 1발; ) 발사 후 회복 시간: 0.68초; 탄환 소모: 회당 3발(3점사); 최대 거리: 100m; 치명타 판정: ✓ (2배)
겐지,좌Shift - 질풍참(Swift Strike),전방으로 빠르게 뛰어들어 적들을 벱니다. 적을 처치하면 재사용 대기시간이 초기화됩니다.,재사용 대기시간: 8초; 공격력: 50; 이동 거리: 최대 15m; 피해 범위: 최대 전방 17.5m; 이동 속도: 50m/s; 치명타 판정: ✕
겐지,E - 튕겨내기(Deflect),전방에서 날아오는 투사체를 모두 튕겨내고 근접 공격을 막습니다.,재사용 대기시간: 8초; 지속 시간: 최대 2초; 치명타 판정: ✓ (반사한 공격에 치명타 판정이 있는 경우)
겐지,Q - 용검(Dragonblade),막강한 근접 무기를 뽑습니다.,"공격 궁극기 충전량: 2125; 지속 시간: 6초; 공격력: 회당 110; 공격 속도: 회당 0.7초(초당 1.42회,; 이동 속도 증가: 30%(본인, 7.8m/s); 최대 거리: 5m; 치명타 판정: ✕"
한조,지속 능력 - 역할: 공격(Role: Damage),적에게 피해를 주면 일시적으로 대상이 받는 치유량을 감소시킵니다. 돌격 영웅을 상대로는 효과가 반으로 줄어듭니다.,"지속 시간: 3초; 받는 치유량 감소: 30%(공격/지원군), 15%(돌격군)"
한조,지속 능력 - 벽 오르기(Wall Climb),벽을 향해 뛰어오르면 벽을 타고 오릅니다.,"이동 속도 증가: 30%(본인, 7.15m/s); 지속 시간: 최대 1초"
한조,기본 무기 - 폭풍활(Storm Bow),누르고 있다가 떼면 화살을 더 멀리 쏩니다.,"있음) 탄환 수: ∞; 공격력: 발당 25(최소 충전)~125(최대; 발사 후 회복 시간: 0.5초; 충전 중 이동 속도 감소: 30%(본인, 3.85m/s); 최대 거리: 1000m; 치명타 판정: 있음(2배)"
한조,Space - 이단뛰기(Lunge),2번 뛰어오릅니다.,재사용 대기시간: 4초; 이동 거리: 최대 7.5m; 이동 속도: 15m/s
한조,좌Shift - 음파 화살(Sonic Arrow),화살이 꽂힌 지점 주변의 적을 잠시 드러냅니다.,있음) 재사용 대기시간: 12초; 지속 시간: 6초; 범위: 반경 9m; 치명타 판정: 있음(2배)
한조,E - 폭풍 화살(Storm Arrows),감소된 위력의 화살 5발을 즉시 발사할 수 있습니다. 이 화살은 지면이나 벽에 닿으면 튕깁니다.,"도탄 가능) 재사용 대기시간: 8초; 지속 시간: 최대 5초; 탄환 수: 5발; 공격력: 발당 75 (총 375); 공격 속도: 발당 0.25초(초당 4발,; 최대 거리: 1000m; 치명타 판정: 있음 (2배)"
한조,Q - 용의 일격(Dragonstrike),적들을 관통하며 큰 피해를 주는 강력한 용의 영혼을 발사합니다.,"범위형(용) 궁극기 충전량: 1702; 공격력: 용 하나당 초당 200 , 125(용이; 발동 거리: 발사한 곳의 10m; 앞 최대 거리: 250m; 치명타 판정: 있음(2배, 용이 되기 전 화살 한정); 공격력: 용 하나당 초당 200 , 125(용이 되기 전 화살)"
한조,E - 갈래 화살(Scatter Arrow),"여러 조각으로 나뉘는 화살을 쏩니다. 각 조각은 벽이나 장애물에 튀어 사방으로 퍼지며, 다수의 적들을 한 번에 공격합니다.","있음) 재사용 대기시간: 10초; 공격력: 29~125(분산 전), 화살 한발당 21~75(분산 후) 도합 6발.; 치명타 판정: 있음(2배, 분산 전), 없음(분산 후)"
정크랫,지속 능력 - 완전 난장판(Total Mayhem),자신의 폭발물에는 피해를 받지 않습니다. 죽을 때 폭탄을 떨어뜨립니다.,탄환 수: 6발; 공격력: 폭탄 하나당 50(총 300); 치명타 판정: 없음
정크랫,지속 능력 - 역할: 공격(Role: Damage),적에게 피해를 주면 일시적으로 대상이 받는 치유량을 감소시킵니다. 돌격 영웅을 상대로는 효과가 반으로 줄어듭니다.,"지속 시간: 3초; 받는 치유량 감소: 30%(공격/지원군), 15%(돌격군)"
정크랫,기본 무기 - 폭탄 발사기(Frag Launcher),튕기는 폭탄을 발사합니다.,"도탄 가능) 탄환 수: 5발; 재장전 시간: 1.5초; 공격력: 발당 125(직격) , 10~80(폭발); 공격 속도: 0.6초당 1발 (초당 1.66회,; 폭발 범위: 반경 2m; 치명타 판정: 없음"
정크랫,좌Shift - 충격 지뢰(Concussion Mine),"폭발하며 밀쳐내는 지뢰를 던집니다. 직접 격발시켜야 폭발합니다. (던지기: 좌Shift, 격발: )",자가 피해 없음) 재사용 대기시간: 8초 (2회; 충전) 지속 시간: ∞; 공격력: 55~120; 폭발 범위: 반경 3m; 치명타 판정: 없음
정크랫,E - 강철 덫(Steel Trap),적의 발을 묶는 덫을 놓습니다.,있음) 재사용 대기시간: 10초; 지속 시간: ∞; 속박 지속 시간: 2.5초; 공격력: 100; 범위: 반경 1m; 치명타 판정: 없음
정크랫,Q - 죽이는 타이어(RIP-Tire),타이어 폭탄을 조종하고 터뜨립니다.,궁극기 충전량: 2100; 지속 시간: 최대 10초; 공격력: 600~50; 이동 속도: 12m/s; 범위: 반경 10m; 치명타 판정: 없음
메이,지속 능력 - 역할: 공격(Role: Damage),적에게 피해를 주면 일시적으로 대상이 받는 치유량을 감소시킵니다. 돌격 영웅을 상대로는 효과가 반으로 줄어듭니다.,"지속 시간: 3초; 받는 치유량 감소: 30%(공격/지원군), 15%(돌격군)"
메이,기본 무기 - 냉각총(Endothermic Blaster),적을 느려지게 하는 근거리 분사 무기입니다. 원거리에 고드름을 발사합니다.,재장전 시간: 1.5초; 투사체 공격력: 초당 100(발당 5); 공격 속도: 초당 20발; 최대 거리: 10m; 이동 속도 감소: 30%(적); 감속 지속 시간: 0.6초; 치명타 판정: 없음
메이,좌Shift - 급속 빙결(Cryo-Freeze),재사용 대기시간 : 12초 지속 시간 : 최대 4초 치유량 : 초당 62.5(최대 250) 탄환 획득량 : 초당 15(최대 60),
메이,E - 빙벽(Ice Wall),전방에 벽을 생성합니다.,재사용 대기시간: 12초; 지속 시간: 최대 5초; 최대 거리: 20m
메이,Q - 눈보라(Blizzard),날씨 조절 드론을 가동해 넓은 범위 안의 적들을 얼립니다.,"도탄 가능) 궁극기 충전량: 1925; 바닥에 닿기까지의 시간 지속 시간: 4.25초; 이동 속도 감소: 40%, 초당 20%씩 증가 (적, 최대 75%); 공격력: 초당 20(총 85); 범위: 반경 10m; 치명타 판정: 없음"
메이,지속 능력 - 한기(Deep Chill),기본 발사로 적에게 지속적으로 피해를 주면 적을 매우 느려지게 합니다. 한기의 영향을 받는 적에게는 보조 발사가 추가 피해를 줍니다.,지속 시간: 최대 1.5초; 빠른 근접 공격 추가 피해량: 40; 이동 속도 감소: 65%(적); 치명타 판정: 없음
파라,지속 능력 - 역할: 공격(Role: Damage),적에게 피해를 주면 일시적으로 대상이 받는 치유량을 감소시킵니다. 돌격 영웅을 상대로는 효과가 반으로 줄어듭니다.,"지속 시간: 3초; 받는 치유량 감소: 30%(공격/지원군), 15%(돌격군)"
파라,지속 능력 - 호버 추진기(Hover Jets),누르고 있으면 공중을 떠다닙니다.,이동 속도(수평): 6.6m/s; 지속 시간: 최대 2초
파라,기본 무기 - 로켓 런처(Rocket Launcher),폭발하는 로켓을 발사하는 원거리 무기입니다.,"탄환 수: 6발; 재장전 시간: 1.5초, 1.25초(탄환을; 모두 소진 후 재장전 시) 공격력: 발당 120(직격) , 24.6~80(폭발); 자가 피해: 발당 6.15~20(폭발); 공격 속도: 0.8초당 1발(초당 1.25발,; 폭발 범위: 반경 2.5m; 최대 거리: 100m; 치명타 판정: ✕"
파라,우클릭 - 급속 추진(Jet Dash),수평 방향으로 짧게 돌진합니다.,재사용 대기시간: 9초; 이동 거리: 최대 14m; 이동 속도: 18m/s
파라,좌Shift - 점프 추진기(Jump Jet),공중으로 빠르게 솟아오릅니다. 연료를 조금 얻습니다.,재사용 대기시간: 14초; 호버 추진기 연료 회복: 50%
파라,E - 충격탄(Concussive Blast),폭발하는 충격탄을 발사하여 적들을 뒤로 밀쳐냅니다.,자가 피해 없음) 재사용 대기시간: 7초; 공격력: 직격시 30; 최대 거리: 100m; 폭발 범위: 반경 8m; 치명타 판정: ✕
파라,Q - 포화(Barrage),초소형 로켓을 연속으로 발사합니다.,"궁극기 충전량: 2200; 포인트 지속 시간: 2.5초; 공격력: 로켓 하나당 40(직격) , 9~30(폭발), 총 3000; 자가 피해: 로켓 하나당 4.5~15(폭발); 공격 속도: 초당 30발 (총 75발,; 폭발 범위: 반경 2m; 최대 거리: 100m; 치명타 판정: ✕"
리퍼,지속 능력 - 영혼 수확(The Reaping),피해를 주면 생명력을 회복합니다.,회복량: 준 피해량의 30%
리퍼,지속 능력 - 역할: 공격(Role: Damage),적에게 피해를 주면 일시적으로 대상이 받는 치유량을 감소시킵니다. 돌격 영웅을 상대로는 효과가 반으로 줄어듭니다.,"지속 시간: 3초; 받는 치유량 감소: 30%(공격/지원군), 15%(돌격군)"
리퍼,기본 무기 - 헬파이어 샷건(Hellfire Shotguns),근거리에 방사 피해를 줍니다.,"탄환 수: 8발; 재장전 시간: 1.5초; 공격력: 산탄 하나당 5.75(10m)~1.725(20m) (20발 산탄, 발당 최대 115); 공격 속도: 초당 2발; 최대 거리: 100m; 치명타 판정: ✓ (2배)"
리퍼,좌Shift - 망령화(Wraith Form),"피해를 받지 않고 신속히 이동할 수 있지만, 무기를 발사할 수 없습니다.","재사용 대기시간: 8초; 지속 시간: 최대 3초; 이동 속도 증가: 50%(본인, 8.25m/s)"
리퍼,E - 그림자 밟기(Shadow Step),선택한 위치로 순간이동합니다.,재사용 대기시간: 10초; 최대 거리: 35m
리퍼,Q - 죽음의 꽃(Death Blossom),주위 모든 적에게 피해를 줍니다.,"궁극기 충전량: 2038; 포인트 지속 시간: 3초; 공격력: 초당 185(틱당 37, 총 555); 이동 속도 감소: 50%(본인, 2.75m/s); 범위: 반경 8m; 치명타 판정: ✕"
소전,지속 능력 - 역할: 공격(Role: Damage),적에게 피해를 주면 일시적으로 대상이 받는 치유량을 감소시킵니다. 돌격 영웅을 상대로는 효과가 반으로 줄어듭니다.,"지속 시간: 3초; 받는 치유량 감소: 30%(공격/지원군), 15%(돌격군)"
소전,기본 무기 - 레일건(Railgun),빠르게 연사하며 에너지를 생성할 수 있는 전자포입니다. 저장된 에너지를 소모하여 적을 꿰뚫는 강력한 사격을 가합니다.,탄환 수: 45발; 재장전 시간: 1.2초; 공격력: 발당 9.5; 공격 속도: 초당 15발; 최대 거리: 400m; 치명타 판정: ✓ (2배)
소전,"좌Shift, Space - 파워 슬라이드(Power Slide)",지면에 미끄러지듯 움직입니다. 중간에 취소하여 높이 뛰어오를 수 있습니다.,"재사용 대기시간: 8초; 지속 시간: 최대 1초; 이동 속도 증가: 160%(본인, 14m/s); 이동 거리: 최대 14m"
소전,E - 분열 사격(Disruptor Shot),에너지 파동을 발사하여 범위 내의 적에게 피해를 줍니다.,재사용 대기시간: 15초; 공격력: 초당 80 (총 280); 지속 시간: 4초; 최대 거리: 30m; 범위: 반경 4m; 치명타 판정: ✕
소전,Q - 오버클럭(Overclock),짧은 시간 동안 레일건의 에너지가 자동으로 충전됩니다.,"적 관통 가능 ) 궁극기 충전량: 2300; 지속 시간: 8초; 치명타 판정: ✓ (기본 발사 2배, 보조 발사 1.5배)"
솔저: 76,지속 능력 - 역할: 공격(Role: Damage),적에게 피해를 주면 일시적으로 대상이 받는 치유량을 감소시킵니다. 돌격 영웅을 상대로는 효과가 반으로 줄어듭니다.,"지속 시간: 3초; 받는 치유량 감소: 30%(공격/지원군), 15%(돌격군)"
솔저: 76,기본 무기 - 펄스 소총(Heavy Pulse Rifle),전자동 돌격 소총입니다.,탄환 수: 30발; 재장전 시간: 1.5초; 공격력: 발당 19(30m)~5.7(50m); 공격 속도: 초당 9발; 최대 거리: 180m; 치명타 판정: 있음(2배)
솔저: 76,우클릭 - 나선 로켓(Helix Rocket),폭발성 로켓을 발사합니다.,"재사용 대기시간: 6초; 공격력: 120(직격) , 80~40(폭발); 자가 피해: 40~20(폭발); 폭발 범위: 반경 3m; 최대 거리: 100m; 치명타 판정: 없음"
솔저: 76,좌Shift - 질주(Sprint),전방을 향해 더 빠르게 뜁니다.,"재사용 대기시간: 0초; 이동 속도 증가: 전진 시 50%(본인, 8.25m/s); 질주 종료 후 회복 시간: 0.3초"
솔저: 76,E - 생체장(Biotic Field),자신과 아군의 생명력을 회복시키는 장을 생성합니다.,재사용 대기시간: 15초; 지속 시간: 5초; 치유량: 초당 40(총 200); 범위: 반경 4.5m
솔저: 76,Q - 전술 조준경(Tactical Visor),시야에 있는 대상들을 자동으로 조준합니다.,궁극기 충전량: 2750; 지속 시간: 6초; 재장전 속도 증가: 85%(0.65초); 최대 거리: 45m; 치명타 판정: 있음(2배)
솜브라,지속 능력 - 기회주의자(Opportunist),"치명상을 입은 적을 벽 너머에서도 감지할 수 있으며, 해킹된 적에게 주는 피해가 증가합니다.",주는 피해 증가: 20%
솜브라,지속 능력 - 역할: 공격(Role: Damage),적에게 피해를 주면 일시적으로 대상이 받는 치유량을 감소시킵니다. 돌격 영웅을 상대로는 효과가 반으로 줄어듭니다.,"지속 시간: 3초; 받는 치유량 감소: 30%(공격/지원군), 15%(돌격군)"
솜브라,기본 무기 - 기관권총(Machine Pistol),근거리를 공격하는 자동 기관 권총입니다.,"탄환 수: 60발; 재장전 시간: 1.2초; 공격력: 발당 8(15m)~2.4(35m), 발당 9.6(15m)~2.88(35m)(해킹된; 적) 공격 속도: 초당 20발; 최대 거리: 100m; 치명타 판정: 있음(2배); 공격력: 발당 8(15m)~2.4(35m), 발당 9.6(15m)~2.88(35m)(해킹된 적); 공격 속도: 초당 20발"
솜브라,좌Shift - 바이러스(Virus),지속 피해를 주는 투사체로 적을 감염시킵니다. 바이러스는 해킹된 적에게 더 빠른 속도로 피해를 줍니다.,"재사용 대기시간: 6초; 공격력: 기본 35(직격), 4초간 초당 18.75(감염, 총 110) 해킹된 적과 오브젝트 70(직격), 2초간 초당 37.5(감염, 총 145); 감염 지속 시간: 4초(기본), 2초(해킹된; 최대 거리: 200m; 치명타 판정: 있음"
솜브라,E - 위치변환기(Translocator),위치변환기를 던진 뒤 해당 위치로 순간이동합니다. 순간이동 후 짧은 시간 동안 은신 상태가 됩니다.,적 관통 가능) 재사용 대기시간: 6초
솜브라,E - 은신(Stealth),전투에서 벗어나면 투명화되고 더 빨리 움직입니다.,"지속 시간: 5초; 피해 시 드러나는 시간: 1.3초; 이동 속도 증가: 60%(본인, 8.8m/s); 감지 범위: 반경 4m"
솜브라,Q - EMP,"근처의 모든 적에게 현재 생명력 비율에 해당하는 피해를 주고 해킹하며, 자신 주변의 방벽을 파괴합니다.","궁극기 충전량: 1826; 지속 시간: 적 영웅 8초, 생명력 팩 45초, 그 외 10초; 공격력: 현재 생명력의 25%(방벽 제외) , 10000; (방벽) 범위: 반경 15m; 치명타 판정: 없음"
시메트라,지속 능력 - 역할: 공격(Role: Damage),적에게 피해를 주면 일시적으로 대상이 받는 치유량을 감소시킵니다. 돌격 영웅을 상대로는 효과가 반으로 줄어듭니다.,"지속 시간: 3초; 받는 치유량 감소: 30%(공격/지원군), 15%(돌격군)"
시메트라,기본 무기 - 광자 발사기(Photon Projector),"점점 더 강해지는 근거리 광선을 발사합니다. 눌러서 충전하고, 떼서 폭발성 구체를 방출합니다.","탄환 수: 100발; 재장전 시간: 1.5초; 공격력: 초당 60/120/180(각각 1,2,3단계); 탄환 크기: 0.25m; 탄환 소모: 초당 10발 방벽/보호막; 공격 시 탄환 충전: 초당 10발; 최대 거리: 12m 방벽/보호막; 공격 시 보호막 회복량: 초당 10/20/30(각각 1,2,3단계); 치명타 판정: ✕ [예외]"
시메트라,좌Shift - 감시 포탑(Sentry Turret),적을 공격하고 느려지게 하는 작은 포탑을 설치합니다.,광선(포탑 공격) 재사용 대기시간: 10초 (3회; 공격력: 초당 30; 이동 속도 감소: 개당 15%(적); 적 감지 범위: 반경 10m; 위치 공유 지속 시간: 1초; 최대 거리: 200m; 치명타 판정: ✕
시메트라,"E, 상호작용 - 순간이동기(Teleporter)",즉시 오갈 수 있는 순간이동기 2개를 일시적으로 생성합니다.,재사용 대기시간: 12초; 지속 시간: 최대 10초; 상호작용 거리: 1.5m; 최대 거리: 30m
시메트라,Q - 광자 방벽(Photon Barrier),어마어마한 크기의 에너지 방벽을 생성합니다.,궁극기 충전량: 2025; 지속 시간: 12초; 최대 거리: 35m
토르비욘,지속 능력 - 역할: 공격(Role: Damage),적에게 피해를 주면 일시적으로 대상이 받는 치유량을 감소시킵니다. 돌격 영웅을 상대로는 효과가 반으로 줄어듭니다.,"지속 시간: 3초; 받는 치유량 감소: 30%(공격/지원군), 15%(돌격군)"
토르비욘,기본 무기 - 대못 발사기(Rivet Gun),대못을 원거리에 발사합니다. 발사가 느립니다. 대못을 근거리에 발사합니다. 강력하지만 정확도가 떨어집니다.,탄환 수: 18발; 재장전 시간: 2초
토르비욘,기본 무기 - 대장간 망치(Forge Hammer),망치를 휘둘러 포탑을 수리하거나 적에게 피해를 줍니다.,"공격 탄환 수: ∞; 공격력: 회당 70; 공격 속도: 0.7초당 1회 (초당 약 1.42회,; 최대 거리: 2.5m; 치명타 판정: 없음"
토르비욘,"좌Shift, 상호작용 - 포탑 설치(Deploy Turret)","자동으로 설치되는 포탑을 던집니다. 공격 유형 : 투사체(포탑 투척, 낙차 있음, 도탄 가능 ), 히트스캔(포탑 공격) 재사용 대기시간 : 6초(설치 시, 포탑이 비전투 상태일 때 철거 시), 12초(포탑이 전투 상태 일 때 철거 시, 적이 파괴 시) 설치 시간 : 2.5초 지속 시간 : ∞ 공격력 : 발당 12 공격 속도 : 초당 4발 (DPS: 48) 내구도 : 225 투사체 속도 : 17m/s 적 감지 범위 : 반경 40m 치명타 판정 : 없음","히트스캔(포탑 공격) 재사용 대기시간: 6초(설치 시, 포탑이 비전투 상태일 때 철거 시), 12초(포탑이 전투 상태 일 때 철거 시,; 지속 시간: ∞; 공격력: 발당 12; 공격 속도: 초당 4발; 적 감지 범위: 반경 40m; 치명타 판정: 없음"
토르비욘,E - 과부하(Overload),"일시적으로 추가 생명력을 얻고 공격 속도, 이동 속도, 재장전 속도가 증가합니다.","재사용 대기시간: 10초; 지속 시간: 5초; 탄환 획득량: 6발; 공격 속도 증가: 30%; 이동 속도 증가: 30%(본인, 7.15m/s); 재장전 속도 증가: 30%"
토르비욘,Q - 초고열 용광로(Molten Core),적들에게 피해를 주는 용암 웅덩이를 생성합니다. 방어력에 추가 피해를 줍니다.,"있음) 궁극기 충전량: 2350; 지속 시간: 최대 6초(용암 뿌리기), 10초(용암; 웅덩이) 탄환 수: 10발; 공격력: 25(직격), 초당 160(용암 웅덩이, 방어력에는 초당 250; 범위: 반경 2.5m(용암; 웅덩이) 치명타 판정: 없음; 지속 시간: 최대 6초(용암 뿌리기), 10초(용암 웅덩이)"
트레이서,지속 능력 - 역할: 공격(Role: Damage),적에게 피해를 주면 일시적으로 대상이 받는 치유량을 감소시킵니다. 돌격 영웅을 상대로는 효과가 반으로 줄어듭니다.,"지속 시간: 3초; 받는 치유량 감소: 30%(공격/지원군), 15%(돌격군)"
트레이서,기본 무기 - 펄스 쌍권총(Pulse Pistols),근거리를 공격하는 자동 권총입니다.,탄환 수: 40발; 재장전 시간: 1초; 공격력: 발당 6(10m)~1.65(20m); 공격 속도: 초당 40발; 최대 거리: 100m; 치명타 판정: ✓ (2배)
트레이서,"좌Shift, 우클릭 - 점멸(Blink)",이동 중인 방향으로 순간이동합니다.,재사용 대기시간: 3초(3회; 충전) 지속 시간: 0.1초; 이동 거리: 최대 7.5m
트레이서,E - 시간 역행(Recall),시간을 되돌려 예전의 생명력 및 위치로 되돌아갑니다.,재사용 대기시간: 12초; 지속 시간: 0.91초
트레이서,Q - 펄스 폭탄(Pulse Bomb),적에게 부착되는 강력한 폭탄을 던집니다.,"부착형) 궁극기 충전량: 1375; 공격력: 5(부착), 70~350(폭발) (총 355); 자가 피해: 35~175(폭발); 폭발 범위: 반경 4m; 치명타 판정: ✕"
위도우메이커,지속 능력 - 역할: 공격(Role: Damage),적에게 피해를 주면 일시적으로 대상이 받는 치유량을 감소시킵니다. 돌격 영웅을 상대로는 효과가 반으로 줄어듭니다.,"지속 시간: 3초; 받는 치유량 감소: 30%(공격/지원군), 15%(돌격군)"
위도우메이커,기본 무기 - 죽음의 입맞춤(Widow's Kiss),전자동 돌격 소총입니다. 누르고 있으면 원거리에서 저격할 수 있습니다.,"탄환 수: 35발; 재장전 시간: 1.5초; 공격력: 발당 14(20m)~4.2(40m); 공격 속도: 초당 10발; 최대 거리: 100m; 치명타 판정: 있음(2배); 공격력: 발당 12(최소 충전)~120(최대 충전, 120(50m)~60(70m)); 발사 후 회복 시간: 0.5초; 탄환 소모: 회당 5발; 저격 모드 중 이동 속도 감소: 65%(본인, 1.925m/s); 최대 거리: 400m; 치명타 판정: 있음(2.5배, 최대 300)"
위도우메이커,좌Shift - 갈고리 발사(Grappling Hook),자신을 벽으로 끌어당기는 갈고리를 발사합니다.,재사용 대기시간: 12초; 이동 속도: 20m/s; 최대 거리: 20m; 최소 거리: 2m
위도우메이커,E - 맹독 지뢰(Venom Mine),맹독 덫을 배치합니다.,자가 피해 없음) 재사용 대기시간: 15초; 지속 시간: ∞; 중독 지속 시간: 5초; 공격력: 초당 15(총 75); 범위: 반경 3m; 치명타 판정: 없음
위도우메이커,Q - 적외선 투시(Infra-sight),적의 위치를 아군에게 노출시킵니다.,궁극기 충전량: 1395; 포인트 지속 시간: 15초
프레야,지속 능력 - 역할: 공격(Role: Damage),적에게 피해를 주면 일시적으로 대상이 받는 치유량을 감소시킵니다. 돌격 영웅을 상대로는 효과가 반으로 줄어듭니다.,"지속 시간: 3초; 받는 치유량 감소: 30%(공격/지원군), 15%(돌격군)"
프레야,지속 능력 - 현상금 사냥(Bounty Hunting),결정타를 3번 입히고 나면 추가 궁극기 충전을 얻습니다.,
프레야,기본 무기(기본 발사) - 속사 석궁(Revdraw Crossbow),자동 화살을 고속으로 발사합니다.,탄환 수: 15발; 공격력: 25; 재장전 시간: 1.6초; 최대 거리: 치명타
프레야,기본 무기(보조 발사) - 정조준(Take Aim),속도를 늦춰 고속 폭발 화살을 조준합니다. 재빠른 돌진을 사용하면 정조준이 초기화됩니다.,"탄환 수: 1발; 재장전 시간: 1.5초; 공격력: 40(직격), 30~90(폭발); 자가 피해: 15~45(폭발); 폭발 범위: 2.3m; 최대 거리: 이동; 치명타 판정: ✓ (2배)"
프레야,좌Shift - 재빠른 돌진(Quick Dash),이동 중인 방향으로 벽을 넘으며 정조준을 초기화합니다.,재사용 대기시간: 4.5초 (2회; 충전) 이동 거리: 7m; 수평 이동 속도: 20m/s; 수직 이동 속도: 10m/s
프레야,E - 상승기류(Updraft),질풍을 타고 위로 솟아오릅니다.,재사용 대기시간: 12초; 이동 속도: 17m/s
프레야,Q - 올가미 사격(Bola Shot),폭발성 올가미를 발사합니다. 적중한 적을 감싸고 근처의 다른 적을 끌어옵니다.,"공격력: 25(직격), 90(지속 피해), 100~60(폭발; 피해) 시전 시간: 0.64초 + 0.4초; 지속 시간: 1.2초; 범위: 반경 5.5m; 이동 속도 감소: 75%(끌려온 적, 1.375m/s), 25%(범위 내 적, 4.125m/s); 치명타 판정: ✕"
디바,지속 능력 - 역할: 돌격(Role: Tank),받는 밀쳐내기 효과가 줄어듭니다. 자신을 대상으로 한 공격과 치유가 궁극기를 보다 적게 충전시킵니다. 역할 고정 게임 모드에서는 기본 생명력이 증가합니다.,궁극기 충전량 감소: 40%; 치명타 피해 감소: 25%
디바,메카(Mech),5.2.1. 기본 무기 - 융합포(Fusion Cannons) [편집],
디바,기본 무기 - 융합포(Fusion Cannons),근거리에 방사 피해를 주는 연발포입니다.,"탄환 수: ∞; 공격력: 산탄 하나당 2(10m)~0.6(20m) (11발 산탄, 발당 최대 22); 공격 속도: 0.15초당 1발 (초당 약 6.667발,; 발사 중 이동 속도 감소: 30%(본인, 3.85m/s); 최대 거리: 100m; 치명타 판정: ✓ (2배)"
디바,우클릭 - 방어 매트릭스(Defense Matrix),전방에서 날아오는 투사체를 모두 막습니다.,재사용 대기시간: 1초; 지속 시간: 최대 3초; 최대 거리: 10m
디바,좌Shift - 부스터(Boosters),보고 있는 방향으로 날아갑니다.,공격 재사용 대기시간: 3.5초; 지속 시간: 최대 2초; 공격력: 25(충돌); 이동 속도: 12m/s; 치명타 판정: ✕
디바,E - 마이크로 미사일(Micro Missiles),폭발성 로켓을 연속으로 발사합니다.,"재사용 대기시간: 7초; 지속 시간: 1.6초; 공격력: 발당 8.5(직격) , 1~5.5(폭발) (총 153); 자가 피해: 발당 1~5.5(폭발) (총 99); 공격 속도: 초당 11발; 폭발 범위: 반경 1.5m; 최대 거리: 100m; 치명타 판정: ✕"
디바,Q - 자폭(Self-Destruct),비상 탈출하며 메카를 과부하시켜 잠시 후에 폭발하게 합니다.,궁극기 충전량: 1700; 공격력: 1000 ~50; 폭발 범위: 반경 20m; 치명타 판정: ✕
디바,지속 능력 - 비상탈출!(Eject),메카가 파괴되면 메카에서 탈출합니다.,
디바,기본 무기 - 광선총(Light Gun),자동 권총입니다.,탄환 수: 20발; 재장전 시간: 1.4초; 공격력: 발당 14; 공격 속도: 초당 7발; 치명타 판정: ✓ (2배)
디바,Q - 메카 호출(Call Mech),새로운 메카를 호출합니다.,궁극기 충전량: 280; 탑승 후 조종까지) 공격력: 250; 범위: 반경 2.5m; 치명타 판정: ✕
둠피스트,지속 능력 - 최선의 방어는...(The Best Defense...),기술로 피해를 주면 일시적으로 추가 생명력을 얻습니다.,
둠피스트,지속 능력 - 역할: 돌격(Role: Tank),받는 밀쳐내기 효과가 줄어듭니다. 자신을 대상으로 한 공격과 치유가 궁극기를 보다 적게 충전시킵니다. 역할 고정 게임 모드에서는 기본 생명력이 증가합니다.,궁극기 충전량 감소: 40%; 치명타 피해 감소: 25%
둠피스트,기본 무기 - 철권포(Hand Cannon),방사 피해를 주는 근거리 무기입니다. 자동으로 재장전됩니다.,"탄환 수: 4발; 재장전 시간: 발당 0.4초 (최종 사용 0.72초; 후에 자동으로 시작) 공격력: 산탄 하나당 5(15m)~1.5(30m) (11발 산탄, 발당 최대 55); 공격 속도: 발당 0.333초(초당 3발), 0.73초(연속; 최대 거리: 500m; 치명타 판정: ✓(2배); 공격 속도: 발당 0.333초(초당 3발), 0.73초(연속 사용 시)"
둠피스트,우클릭 - 로켓 펀치(Rocket Punch),누르고 있다가 떼면 전방으로 돌진하고 적을 가격하여 뒤로 밀쳐냅니다. 벽에 충돌한 적은 추가 피해를 받습니다.,"공격 재사용 대기시간: 4초; 충전 중 이동 속도 감소: 50%(본인, 2.75m/s); 공격력: 25~75(직격) + 10~40(벽 충돌) = 최대 115; 이동 거리: 6.5m~20m; 넉백 거리: 5.5m~13.2m; 공격 범위: 3m(직격) , 반경 2m(폭발); 충돌) 이동 속도: 44m/s(본인), 15~35m/s(적; 타깃) 시전 후 회복 시간: 0.3초; 치명타 판정: ✕"
둠피스트,좌Shift - 지진 강타(Seismic Slam),도약하고 지면을 강타합니다.,재사용 대기시간: 6.5초; 공격력: 50; 이동 속도: 최대 30m/s; 최대 범위: 15m(90°형; 치명타 판정: ✕; 최대 범위: 15m(90°형 부채꼴)
둠피스트,Q - 파멸의 일격(Meteor Strike),"공중으로 뛰어오르고 목표 지점에 일격을 가합니다. (도약: Q, 착지: ) 목표 지점을 조정할 수 있습니다.","궁극기 충전량: 1975; 포인트 지속 시간: 최대 4초; 공격력: 중앙원 300(~2m), 바깥원 100(2m)~50(8m); 치유량: 초당 90(최대 360); 이동 속도 증가: 200%(본인, 16.5m/s); 기술 재사용 대기시간 가속: 2배; 이동 속도 감소: 50%(적); 감속 지속 시간: 3초; 경직 지속 시간: 0.1초; 범위: 반경 8m (중심부 반경 2m); 치명타 판정: ✕"
정커퀸,지속 능력 - 역할: 돌격(Role: Tank),받는 밀쳐내기 효과가 줄어듭니다. 자신을 대상으로 한 공격과 치유가 궁극기를 보다 적게 충전시킵니다. 역할 고정 게임 모드에서는 기본 생명력이 증가합니다.,궁극기 충전량 감소: 40%; 치명타 피해 감소: 25%
정커퀸,지속 능력 - 아드레날린 촉진(Adrenaline Rush),적에게 부상을 입혀 준 지속 피해에 비례하여 생명력을 회복합니다.,회복량: 부상 피해의 225%
정커퀸,기본 무기 - 산탄총(Scattergun),펌프 액션식 산탄총입니다.,"탄환 수: 8발; 재장전 시간: 1.5초; 공격력: 산탄 하나당 8(15m)~2.4(25m) (10발 산탄, 발당 최대 80); 공격 속도: 0.75초당 1발(초당 1.33발,; 치명타 판정: ✓ (2배)"
정커퀸,우클릭 - 톱니칼(Jagged Blade),"사용 능력: 칼을 던집니다. 다시 사용하면 칼이 돌아오고, 칼이 적에게 박혀 있었다면 적도 끌어옵니다. 지속 능력: 빠른 근접 공격이나 던진 칼에 적중당한 적에게 부상을 입혀 지속 피해를 줍니다.","부착형) 재사용 대기시간: 6초; 공격력: 65; 부상 공격력: 초당 5(총 15), 적중 시 초당 10(총 30); 최대 거리: 60m; 지속 시간: 3초; 치명타 판정: ✕"
정커퀸,좌Shift - 지휘의 외침(Commanding Shout),일시적으로 자신과 주위 아군에게 추가 생명력을 부여하고 이동 속도를 증가시킵니다.,"재사용 대기시간: 12초; 지속 시간: 4초; 이동 속도 증가: 30%(본인과 아군, 7.15m/s; ) 범위: 반경 15m"
정커퀸,E - 도륙(Carnage),전방의 모든 적에게 부상을 입혀 지속적으로 피해를 줍니다. 적중한 적에 비례해서 재사용 대기시간이 감소합니다.,공격 재사용 대기시간: 8초; 공격력: 105; 부상 공격력: 초당 13.33 (총 40); 지속 시간: 3초; 최대 거리: 5m; 치명타 판정: ✕
정커퀸,Q - 살육(Rampage),"전방으로 돌진합니다. 경로에 있는 적에게 부상을 입혀 지속 피해를 주고, 치유를 차단합니다.",궁극기 충전량: 2700; 공격력: 40; 부상 공격력: 초당 20 (총 90); 지속 시간: 4.5초; 이동 거리: 최대 25m; 이동 속도: 33m/s; 범위: 반경 5m; 치명타 판정: ✕
오리사,지속 능력 - 역할: 돌격(Role: Tank),받는 밀쳐내기 효과가 줄어듭니다. 자신을 대상으로 한 공격과 치유가 궁극기를 보다 적게 충전시킵니다. 역할 고정 게임 모드에서는 기본 생명력이 증가합니다.,궁극기 충전량 감소: 40%; 치명타 피해 감소: 25%
오리사,기본 무기 - 개량형 융합 기관포(Augmented Fusion Driver),열기 기반 자동 기관포입니다.,"탄환 수: ∞; 공격력: 발당 14; 공격 속도: 초당 10발; 재장전 시간: 3초(과열 시 재사용 대기시간), 2초(최대; 사용 시) 치명타 판정: ✓ (2배)"
오리사,우클릭 - 투창(Energy Javelin),창을 던져 적을 기절시키고 뒤로 밀쳐냅니다. 적이 벽에 충돌하면 효과가 더욱 커집니다.,있음) 재사용 대기시간: 7초; 공격력: 70(직격) + 40(벽 충돌) = 110; 충돌) 이동 속도 감소: 60%(적); 감속 지속 시간: 1초; 넉백 거리: 6m; 치명타 판정: ✕
오리사,좌Shift - 방어 강화(Fortify),"일시적으로 추가 생명력을 얻고, 받는 피해가 감소하며, 저지 불가 상태가 됩니다.","재사용 대기시간: 15.5초; 지속 시간: 최대 4초; 받는 피해 감소: 45%; 이동 속도 감소: 10%(본인, 4.95m/s); 치명타 면역: 있음"
오리사,E - 수호의 창(Javelin Spin),"창을 돌려 투사체를 파괴하고, 적을 밀쳐내며, 전방 이동 속도가 증가합니다.","재사용 대기시간: 8초; 지속 시간: 최대 1.75초; 공격력: 20 + 1.6초간 초당 약 49 (총 80); 이동 속도 증가: 전진 시 50%(본인, 8.25m/s), 지속 시간이 끝나고 2초 동안 전진 시 20%(본인, 6.6m/s); 최대 거리: 3.5m; 치명타 판정: ✕"
오리사,Q - 대지의 창(Terra Surge),"적을 끌어오면서 방어 강화 효과를 얻은 후, 에너지를 모으다가 방출하여 피해를 줍니다. 또는 또는 Q키를 눌러 에너지를 일찍 방출할 수 있습니다.","궁극기 충전량: 2150; 포인트 지속 시간: 최대 4초; 이동 속도 감소: 30%(적); 창 회전 공격력: 초당 약 18.75, 최대 71.4; 방출 공격력: 77.5(최소 충전), ~250(2.78초 충전), ~500(4초; 범위: 끌어당기기 범위 10.5m, 피해 범위 8.5m; 치명타 판정: ✕; 방출 공격력: 77.5(최소 충전), ~250(2.78초 충전), ~500(4초 최대 충전)"
라마트라,지속 능력 - 역할: 돌격(Role: Tank),받는 밀쳐내기 효과가 줄어듭니다. 자신을 대상으로 한 공격과 치유가 궁극기를 보다 적게 충전시킵니다. 역할 고정 게임 모드에서는 기본 생명력이 증가합니다.,궁극기 충전량 감소: 40%; 치명타 피해 감소: 25%
라마트라,기본 무기 - 공허 가속기(Void Accelerator),일정한 형태로 나아가는 투사체를 발사합니다.,탄환 수: 100발; 재장전 시간: 1초; 공격력: 발당 5; 공격 속도: 초당 25발; 최대 거리: 100m; 치명타 판정: ✓ (2배)
라마트라,우클릭 - 공허 방벽(Void Barrier),대상 위치에 방벽을 생성합니다.,재사용 대기시간: 13초; 최대 거리: 35m; 지속 시간: 4초
라마트라,좌Shift - 네메시스 형태(Nemesis Form),네메시스 형태로 변신하여 공격 방식이 변하고 추가 방어력을 얻습니다.,"재사용 대기시간: 8초; 지속 시간: 최대 8초; 이동 속도 증가: 20%(본인, 6.6m/s)"
라마트라,기본 무기 - 응징(Pummel),주먹을 내지릅니다. 주먹을 내지를 때마다 충격파가 발생합니다.,근접 공격 탄환 수: ∞; 공격력: 회당 65; 공격 속도: 0.55초당 1회; 최대 거리: 11m; 치명타 판정: ✕
라마트라,E - 탐식의 소용돌이(Ravenous Vortex),"나노 구체를 발사합니다. 구체는 지면에 닿으면 폭발하며, 피해를 주는 역장을 생성합니다. 역장에 영향을 받는 적들은 느려지고 아래로 당겨집니다.","도탄 가능 ) 재사용 대기시간: 11초; 지속 시간: 3초; 이동 속도 감소: 40%(적); 범위: 반경 4m, 높이 8m; 공격력: 초당 23.33 (총 70); 치명타 판정: ✕"
라마트라,Q - 절멸(Annihilation),"네메시스 형태로 변신하고 자신 주위에 에너지 영역을 생성합니다. 영역은 범위 내의 적에게 지속적으로 피해를 주고, 적에게 피해를 주는 동안 지속 시간이 더 오래 유지됩니다.",피해 궁극기 충전량: 2300; 포인트 지속 시간: 3초 + 최대 17초 증가 = 총합 20초; 공격력: 초당 30(최대 600); 범위: 반경 12.5m; 치명타 판정: ✕
라인하르트,지속 능력 - 역할: 돌격(Role: Tank),받는 밀쳐내기 효과가 줄어듭니다. 자신을 대상으로 한 공격과 치유가 궁극기를 보다 적게 충전시킵니다. 역할 고정 게임 모드에서는 기본 생명력이 증가합니다.,궁극기 충전량 감소: 40%; 치명타 피해 감소: 25%
라인하르트,우클릭 - 방벽 방패(Barrier Field),를 누르고 있으면 전방에 에너지 방벽을 전개합니다.,"재사용 대기시간: 5초(파괴 시), 0초(회수; 지속 시간: ∞; 내구도 회복 속도: 방벽을 회수하고 2초 후, 초당 160; 이동 속도 감소: 30%(본인, 3.85m/s)"
라인하르트,좌Shift - 돌진(Charge),전방으로 돌진하여 적을 벽에 꽂아버립니다.,"공격 재사용 대기시간: 7초; 공격력: 300(적을 제압해 벽에 충돌시켰을 경우), 50(빚맞춘; 경우) 이동 거리: 최대 50.19m; 지속 시간: 3초; 이동 속도 증가: 200%(본인, 16.5m/s); 치명타 판정: 없음; 공격력: 300(적을 제압해 벽에 충돌시켰을 경우), 50(빚맞춘 경우)"
라인하르트,E - 화염 강타(Fire Strike),불타는 투사체를 날립니다.,가능) 재사용 대기시간: 6초(2회; 공격력: 120; 최대 거리: 100m; 치명타 판정: 없음
라인하르트,Q - 대지분쇄(Earthshatter),전방의 모든 적을 넘어뜨립니다.,"궁극기 충전량: 1800; 공격력: 200(~1.75m) , 50(1.76m~20m); 최대 거리: 25m(약 54°형; 치명타 판정: 있음"
라인하르트,지속 능력 - 불굴(Steadfast),받는 밀쳐내기 효과가 줄어듭니다.,
로드호그,지속 능력 - 역할: 돌격(Role: Tank),받는 밀쳐내기 효과가 줄어듭니다. 자신을 대상으로 한 공격과 치유가 궁극기를 보다 적게 충전시킵니다. 역할 고정 게임 모드에서는 기본 생명력이 증가합니다.,궁극기 충전량 감소: 40%; 치명타 피해 감소: 25%
로드호그,기본 무기 - 고철총(Scrap Gun),근거리에 방사 피해를 주며 중거리 산탄을 발사합니다.,"탄환 수: 6발; 재장전 시간: 1.75초; 공격력: 파편 뭉치 하나당 15(30m)~4.5(50m) (4발 산탄, 발당 최대 60) 산탄 하나당 6.25(30m)~1.875(50m) (16발 산탄, 발당 최대 100), 총 160; 공격 속도: 0.8초당 1발(초당 1.25발,; 최대 거리: 100m; 치명타 판정: ✓ (1.5배, 최대 240)"
로드호그,우클릭 - 숨 돌리기(Take a Breather),자신을 치유합니다. 치유하는 동안 받는 피해가 감소합니다.,재사용 대기시간: 1.25초; 지속 시간: 최대 2.5초; 치유량: 초당 180 (총 450); 받는 피해 감소: 40%
로드호그,좌Shift - 사슬 갈고리(Chain Hook),적을 자신에게 끌어당깁니다.,"재사용 대기시간: 6초; 공격력: 5; 끌어온 후 적과의 거리: 3m; 이동 속도 감소: 50%(본인, 2.75m/s); 최대 거리: 21m; 치명타 판정: ✕"
로드호그,E - 돼지우리(Pig Pen),주위 적을 느려지게 하고 피해를 주는 덫을 놓습니다.,"있음) 재사용 대기시간: 12초; 지속 시간: ∞; 감속 지속 시간: 3초; 이동 속도 감소: 40%(적); 범위: 반경 2m(발동), 4m(지속); 공격력: 즉시 60, 초당 45 (총 195); 치명타 판정: ✕"
로드호그,Q - 돼재앙(Whole Hog),전방의 적들에게 피해를 주며 밀쳐냅니다.,"궁극기 충전량: 2684; 지속 시간: 8초(시전; 시간 포함) 공격력: 산탄 하나당 6(30m)~2.1(40m) (16발 산탄, 발당 최대 96, 총 5760); 공격 속도: 초당 8발; 치명타 판정: ✓ (2배); 지속 시간: 8초(시전 시간 포함)"
시그마,지속 능력 - 역할: 돌격(Role: Tank),받는 밀쳐내기 효과가 줄어듭니다. 자신을 대상으로 한 공격과 치유가 궁극기를 보다 적게 충전시킵니다. 역할 고정 게임 모드에서는 기본 생명력이 증가합니다.,궁극기 충전량 감소: 40%; 치명타 피해 감소: 25%
시그마,기본 무기 - 초구체(Hyperspheres),"두 개의 구체를 던집니다. 구체는 잠시 후에 폭발하며, 대상 위치에 피해를 줍니다.","도탄 가능) 탄환 수: ∞; 공격력: 발당 55(직격) , 40~12(폭발) (총 110); 공격 속도: 0.2초당 1발; ) 발사 후 회복 시간: 1.3초; 탄환 소모: 회당 2발(2점사); 최대 거리: 22m; 폭발 범위: 반경 3m; 치명타 판정: ✕"
시그마,우클릭 - 실험용 방벽(Experimental Barrier),누르고 있으면 공중으로 날아가고 떼면 멈추는 방벽을 배치합니다. 다시 누르면 방벽을 회수합니다.,"재사용 대기시간: 5초(파괴 시), 1초(회수; 시) 지속 시간: ∞; 내구도 회복 속도: 방벽을 회수하고 2초 후, 초당 85; 방벽 이동 속도: 20m/s"
시그마,좌Shift - 키네틱 손아귀(Kinetic Grasp),"전방의 투사체를 흡수하여 자신의 보호막으로 전환합니다. 재사용 대기시간 : 12초 시전 시간 : 0.05초 + 회복 시간 0.5초 지속 시간 : 2초 추가 생명력 획득량 : 흡수한 피해량의 60% 추가 생명력 최대 보유량 : 400 추가 생명력 감소량 : 추가 생명력 획득 5초 후, 초당 7 최대 거리 : 3m",재사용 대기시간: 12초; 지속 시간: 2초; 최대 거리: 3m
시그마,E - 강착(Accretion),응축시킨 잔해 더미를 내던져 적을 넘어뜨립니다.,"폭발형) 재사용 대기시간: 10초; 시전 중 이동 속도 감소: 75%(본인, 1.375m/s); 공격력: 120(직격), 40~12(폭발); 자가 피해: 20~6(폭발); 폭발 범위: 반경 2.5m; 치명타 판정: ✕"
시그마,Q - 중력붕괴(Gravitic Flux),중력을 조종하여 적들을 공중으로 띄운 후 아래로 내리꽂습니다.,"궁극기 충전량: 2300; 지속 시간: 궁극기 위치 선택 최대 5초, 적 공중 부양 2초; 이동 속도 감소: 낙하 후 86%(적); 감속 지속 시간: 0.6초; 공격력: 공중 부양 시 50 + 낙하 시 최대 생명력의 50%; 범위: 반경 7m; 최대 거리: 35m; 치명타 판정: ✕"
윈스턴,지속 능력 - 역할: 돌격(Role: Tank),받는 밀쳐내기 효과가 줄어듭니다. 자신을 대상으로 한 공격과 치유가 궁극기를 보다 적게 충전시킵니다. 역할 고정 게임 모드에서는 기본 생명력이 증가합니다.,궁극기 충전량 감소: 40%; 치명타 피해 감소: 25%
윈스턴,기본 무기 - 테슬라 캐논(Tesla Cannon),"전방에 원뿔 형태로 전기를 방출합니다. 눌러서 충전하고, 떼서 충전된 전류를 발사합니다.",탄환 수: 120발; 재장전 시간: 1.7초; 가능) 공격력: 초당 70; 탄환 소모: 초당 20발; 최대 거리: 8m(45º; 원뿔 형태) 치명타 판정: ✕; 광선 공격력: 발당 15(최소 충전)~60(최대; ) 발사 후 회복 시간: 0.75초; 최대 거리: 40m; 탄환 소모: 회당 4~12발; 치명타 판정: ✕
윈스턴,좌Shift - 점프 팩(Jump Pack),전방으로 크게 뛰어오릅니다. 착지할 때 주위 적에게 피해를 줍니다.,"재사용 대기시간: 5초; 공격력: 착지 60(1.3m)~1(5m), 점프 1; 이동 거리: 최대 22m; 이동 속도: 30m/s; 범위: 반경 5m; 치명타 판정: ✕"
윈스턴,E - 방벽 생성기(Barrier Projector),반구형의 에너지 벽을 생성합니다.,재사용 대기시간: 12초; 지속 시간: 8초; 범위: 반경 5m
윈스턴,Q - 원시의 분노(Primal Rage),"생명력이 대폭 증가하지만, 점프 팩으로 뛰어오르거나 주먹 공격만 할 수 있습니다.","공격 궁극기 충전량: 2525; 지속 시간: 10초; 공격력: 회당 50; 공격 속도: 0.656초; 이동 속도 증가: 30%(본인, 7.15m/s); 점프 팩 재사용 대기시간: 2초; 최대 거리: 4m; 치명타 판정: ✕"
레킹볼,지속 능력 - 역할: 돌격(Role: Tank),받는 밀쳐내기 효과가 줄어듭니다. 자신을 대상으로 한 공격과 치유가 궁극기를 보다 적게 충전시킵니다. 역할 고정 게임 모드에서는 기본 생명력이 증가합니다.,궁극기 충전량 감소: 40%; 치명타 피해 감소: 25%
레킹볼,기본 무기 - 4연장 기관총(Quad Cannons),전자동 돌격 기관총입니다.,탄환 수: 100발; 재장전 시간: 1.6초; 공격력: 발당 5(15m)~1.5(30m); 공격 속도: 초당 25발; 최대 거리: 100m; 치명타 판정: 있음(2배)
레킹볼,좌Shift - 구르기(Roll),공으로 변신하며 최대 이동 속도가 증가합니다.,재사용 대기시간: 없음 시전 시간
레킹볼,좌Ctrl - 파일드라이버(Piledriver),지면으로 낙하하여 피해를 주고 적들을 공중으로 띄웁니다.,재사용 대기시간: 8초; 공격력: 20~100; 범위: 반경 8m; 치명타 판정: 없음
레킹볼,E - 적응형 보호막(Adaptive Shield),주위의 적 수에 따라 증가하는 보호막을 얻습니다. 보호막 일부가 아군에게 추가 생명력으로 전달됩니다.,재사용 대기시간: 15초; 지속 시간: 7초; 감지 범위: 반경 13m
레킹볼,Q - 지뢰밭(Minefield),엄청난 개수의 지뢰를 뿌려 지뢰밭을 만듭니다.,설치 전) 궁극기 충전량: 1850; 지속 시간: 20초; 공격력: 지뢰 하나당 165 (총 2475); 지뢰 발동 범위: 약 반경 1m; 치명타 판정: 없음
자리야,지속 능력 - 역할: 돌격(Role: Tank),받는 밀쳐내기 효과가 줄어듭니다. 자신을 대상으로 한 공격과 치유가 궁극기를 보다 적게 충전시킵니다. 역할 고정 게임 모드에서는 기본 생명력이 증가합니다.,궁극기 충전량 감소: 40%; 치명타 피해 감소: 25%
자리야,지속 능력 - 에너지(Energy),방벽으로 막은 피해만큼 입자포의 공격력이 증가합니다.,
자리야,기본 무기 - 입자포(Particle Cannon),근거리에 에너지 광선을 방출합니다. 입자탄을 발사합니다.,"탄환 수: 100발; 재장전 시간: 1.5초; 공격력: 초당 95(에너지 0)~190(에너지 100); 탄환 소모: 초당 20발; 최대 거리: 15m; 치명타 판정: ✕; 폭발형) 공격력: 발당 9.4~55(에너지 0), 19~110(에너지 100); 자가 피해: 발당 4.7~27.5(에너지 0), 9.5~55(에너지 100); 공격 속도: 초당 1발; 탄환 소모: 회당 25발; 폭발 범위: 반경 2.5m"
자리야,좌Shift - 입자 방벽(Particle Barrier),피해를 흡수하는 방벽을 자신에게 전개합니다.,"재사용 대기시간: 11초 (2회 충전,; 방벽 씌우기의 횟수와 재사용 대기시간 공유) 지속 시간: 2.25초"
자리야,E - 방벽 씌우기(Projected Barrier),피해를 흡수하는 방벽을 아군에게 씌웁니다.,"재사용 대기시간: 9초 (2회 충전,; 입자 방벽의 횟수와 재사용 대기시간 공유) 지속 시간: 2.25초; 최대 거리: 30m"
자리야,Q - 중력자탄(Graviton Surge),적들을 끌어당기는 중력 폭탄을 발사합니다.,"있음) 궁극기 충전량: 2500; 포인트 지속 시간: 4초; 공격력: 초당 4.64(총 18.56), 직격 5; 범위: 반경 7m; 치명타 판정: ✕"
